mean_fit_time,std_fit_time,mean_score_time,std_score_time,param_subsample,param_min_child_weight,param_max_depth,param_gamma,param_colsample_bytree,params,split0_test_score,split1_test_score,split2_test_score,mean_test_score,std_test_score,rank_test_score
492.00644540786743,1.4090383286989634,2.6762850284576416,0.23399691127074268,0.8,1,5,5,1.0,"{'subsample': 0.8, 'min_child_weight': 1, 'max_depth': 5, 'gamma': 5, 'colsample_bytree': 1.0}",0.6492287796615721,0.6547019669464592,0.6503154684818022,0.6514153963166374,0.0023659223749506763,3
609.5487107435862,5.276247651547944,13.015907208124796,1.0099797159836446,0.6,5,10,1,0.6,"{'subsample': 0.6, 'min_child_weight': 5, 'max_depth': 10, 'gamma': 1, 'colsample_bytree': 0.6}",0.6534125744440689,0.6573146168626813,0.6533942164294525,0.6547071360592661,0.0018437825900955642,1
233.90971104303995,1.655723214923226,1.181315819422404,0.11138545257717172,1.0,10,2,0.5,0.8,"{'subsample': 1.0, 'min_child_weight': 10, 'max_depth': 2, 'gamma': 0.5, 'colsample_bytree': 0.8}",0.6351729253210247,0.6391391855439772,0.6353059833110768,0.6365393636584716,0.0018391540599673895,5
208.4706246058146,1.4763472722641262,1.1302451292673747,0.08604397438440871,0.8,1,2,5,0.6,"{'subsample': 0.8, 'min_child_weight': 1, 'max_depth': 2, 'gamma': 5, 'colsample_bytree': 0.6}",0.6365448255236168,0.6400445364988985,0.6364481263833206,0.6376791635773,0.0016730370537051404,4
426.5172557036082,12.407457843417179,2.0154902935028076,0.2123629805378009,0.6,5,5,0.5,1.0,"{'subsample': 0.6, 'min_child_weight': 5, 'max_depth': 5, 'gamma': 0.5, 'colsample_bytree': 1.0}",0.6493312055944259,0.65468840856002,0.6505644729038915,0.6515280191308405,0.0022907470501973117,2
