mean_fit_time,std_fit_time,mean_score_time,std_score_time,param_subsample,param_min_child_weight,param_max_depth,param_gamma,param_colsample_bytree,params,split0_test_score,split1_test_score,split2_test_score,mean_test_score,std_test_score,rank_test_score
498.5394199689229,1.079497651862798,3.157108942667643,0.18821767509851542,0.8,1,5,5,1.0,"{'subsample': 0.8, 'min_child_weight': 1, 'max_depth': 5, 'gamma': 5, 'colsample_bytree': 1.0}",0.6503790280247539,0.653390696579544,0.65223291299005,0.6520008643332632,0.0012404159571804334,3
643.4522976080576,8.860977559829,14.58580724398295,1.8854566694864008,0.6,5,10,1,0.6,"{'subsample': 0.6, 'min_child_weight': 5, 'max_depth': 10, 'gamma': 1, 'colsample_bytree': 0.6}",0.654998556620437,0.6550485175633556,0.6543383042663211,0.6547951314440849,0.0003236630828450769,1
248.25242352485657,4.442554602836208,1.1869643529256184,0.02432356325547759,1.0,10,2,0.5,0.8,"{'subsample': 1.0, 'min_child_weight': 10, 'max_depth': 2, 'gamma': 0.5, 'colsample_bytree': 0.8}",0.6348406969760869,0.6396345496391731,0.6378001877803052,0.6374251210686811,0.0019749814193009327,5
226.61542216936746,1.7303427941910807,1.3525652885437012,0.20954250455684126,0.8,1,2,5,0.6,"{'subsample': 0.8, 'min_child_weight': 1, 'max_depth': 2, 'gamma': 5, 'colsample_bytree': 0.6}",0.6356511731737707,0.640860858825753,0.638766382256305,0.6384261131068526,0.0021404239365680425,4
424.96535269419354,16.72726636941524,1.8048471609751384,0.16743675633440672,0.6,5,5,0.5,1.0,"{'subsample': 0.6, 'min_child_weight': 5, 'max_depth': 5, 'gamma': 0.5, 'colsample_bytree': 1.0}",0.6503167519768445,0.6534610405686521,0.6523723034275644,0.6520500155091619,0.0013037297086717135,2
